id;day;trial;date;size;errors;time;rate_error;rate_time;degree_ornam;female_accep;neophobia;body_condition;degree_mat_female
M1;1;1;21/05/19;4.155;13;1207;-0,1507692;-0,0805619;-0,0562010;Chosen;0,7778000;-0,0306084;-0,0291059
M1;1;2;21/05/19;4.155;2;49;-0,1507692;-0,0805619;-0,0562010;Chosen;0,7778000;-0,0306084;-0,0291059
M1;1;3;21/05/19;4.155;4;79;-0,1507692;-0,0805619;-0,0562010;Chosen;0,7778000;-0,0306084;-0,0291059
M1;1;4;21/05/19;4.155;4;93;-0,1507692;-0,0805619;-0,0562010;Chosen;0,7778000;-0,0306084;-0,0291059
M1;1;5;21/05/19;4.155;1;33;-0,1507692;-0,0805619;-0,0562010;Chosen;0,7778000;-0,0306084;-0,0291059
M1;2;6;22/05/19;4.155;4;52;-0,1507692;-0,0805619;-0,0562010;Chosen;0,7778000;-0,0306084;-0,0291059
M1;2;7;22/05/19;4.155;1;64;-0,1507692;-0,0805619;-0,0562010;Chosen;0,7778000;-0,0306084;-0,0291059
M1;2;8;22/05/19;4.155;1;27;-0,1507692;-0,0805619;-0,0562010;Chosen;0,7778000;-0,0306084;-0,0291059
M1;2;9;22/05/19;4.155;1;22;-0,1507692;-0,0805619;-0,0562010;Chosen;0,7778000;-0,0306084;-0,0291059
M1;2;10;22/05/19;4.155;8;104;-0,1507692;-0,0805619;-0,0562010;Chosen;0,7778000;-0,0306084;-0,0291059
M1;3;11;23/05/19;4.155;0;35;-0,1507692;-0,0805619;-0,0562010;Chosen;0,7778000;-0,0306084;-0,0291059
M1;3;12;23/05/19;4.155;2;56;-0,1507692;-0,0805619;-0,0562010;Chosen;0,7778000;-0,0306084;-0,0291059
M1;3;13;23/05/19;4.155;2;25;-0,1507692;-0,0805619;-0,0562010;Chosen;0,7778000;-0,0306084;-0,0291059
M1;3;14;23/05/19;4.155;4;45;-0,1507692;-0,0805619;-0,0562010;Chosen;0,7778000;-0,0306084;-0,0291059
M1;3;15;23/05/19;4.155;5;113;-0,1507692;-0,0805619;-0,0562010;Chosen;0,7778000;-0,0306084;-0,0291059
M1;4;16;24/05/19;4.155;1;20;-0,1507692;-0,0805619;-0,0562010;Chosen;0,7778000;-0,0306084;-0,0291059
M1;4;17;24/05/19;4.155;3;130;-0,1507692;-0,0805619;-0,0562010;Chosen;0,7778000;-0,0306084;-0,0291059
M1;4;18;24/05/19;4.155;1;17;-0,1507692;-0,0805619;-0,0562010;Chosen;0,7778000;-0,0306084;-0,0291059
M1;4;19;24/05/19;4.155;1;21;-0,1507692;-0,0805619;-0,0562010;Chosen;0,7778000;-0,0306084;-0,0291059
M1;4;20;24/05/19;4.155;3;37;-0,1507692;-0,0805619;-0,0562010;Chosen;0,7778000;-0,0306084;-0,0291059
M1;5;21;25/05/19;4.155;0;13;-0,1507692;-0,0805619;-0,0562010;Chosen;0,7778000;-0,0306084;-0,0291059
M1;5;22;25/05/19;4.155;1;25;-0,1507692;-0,0805619;-0,0562010;Chosen;0,7778000;-0,0306084;-0,0291059
M1;5;23;25/05/19;4.155;2;34;-0,1507692;-0,0805619;-0,0562010;Chosen;0,7778000;-0,0306084;-0,0291059
M1;5;24;25/05/19;4.155;3;13;-0,1507692;-0,0805619;-0,0562010;Chosen;0,7778000;-0,0306084;-0,0291059
M1;5;25;25/05/19;4.155;1;12;-0,1507692;-0,0805619;-0,0562010;Chosen;0,7778000;-0,0306084;-0,0291059
M3;1;1;27/05/19;4175,000;7;215;-0,0984615;-0,0313385;-0,1045646;Rejected;0,6956000;-0,0137911;-0,0341607
M3;1;2;27/05/19;4175,000;3;61;-0,0984615;-0,0313385;-0,1045646;Rejected;0,6956000;-0,0137911;-0,0341607
M3;1;3;27/05/19;4175,000;6;72;-0,0984615;-0,0313385;-0,1045646;Rejected;0,6956000;-0,0137911;-0,0341607
M3;1;4;27/05/19;4175,000;2;12;-0,0984615;-0,0313385;-0,1045646;Rejected;0,6956000;-0,0137911;-0,0341607
M3;1;5;27/05/19;4175,000;2;16;-0,0984615;-0,0313385;-0,1045646;Rejected;0,6956000;-0,0137911;-0,0341607
M3;2;6;28/05/19;4175,000;3;35;-0,0984615;-0,0313385;-0,1045646;Rejected;0,6956000;-0,0137911;-0,0341607
M3;2;7;28/05/19;4175,000;0;6;-0,0984615;-0,0313385;-0,1045646;Rejected;0,6956000;-0,0137911;-0,0341607
M3;2;8;28/05/19;4175,000;7;77;-0,0984615;-0,0313385;-0,1045646;Rejected;0,6956000;-0,0137911;-0,0341607
M3;2;9;28/05/19;4175,000;5;38;-0,0984615;-0,0313385;-0,1045646;Rejected;0,6956000;-0,0137911;-0,0341607
M3;2;10;28/05/19;4175,000;3;29;-0,0984615;-0,0313385;-0,1045646;Rejected;0,6956000;-0,0137911;-0,0341607
M3;3;11;29/05/19;4175,000;3;22;-0,0984615;-0,0313385;-0,1045646;Rejected;0,6956000;-0,0137911;-0,0341607
M3;3;12;29/05/19;4175,000;2;17;-0,0984615;-0,0313385;-0,1045646;Rejected;0,6956000;-0,0137911;-0,0341607
M3;3;13;29/05/19;4175,000;0;15;-0,0984615;-0,0313385;-0,1045646;Rejected;0,6956000;-0,0137911;-0,0341607
M3;3;14;29/05/19;4175,000;1;15;-0,0984615;-0,0313385;-0,1045646;Rejected;0,6956000;-0,0137911;-0,0341607
M3;3;15;29/05/19;4175,000;1;10;-0,0984615;-0,0313385;-0,1045646;Rejected;0,6956000;-0,0137911;-0,0341607
M3;4;16;30/05/19;4175,000;4;33;-0,0984615;-0,0313385;-0,1045646;Rejected;0,6956000;-0,0137911;-0,0341607
M3;4;17;30/05/19;4175,000;2;21;-0,0984615;-0,0313385;-0,1045646;Rejected;0,6956000;-0,0137911;-0,0341607
M3;4;18;30/05/19;4175,000;2;28;-0,0984615;-0,0313385;-0,1045646;Rejected;0,6956000;-0,0137911;-0,0341607
M3;4;19;30/05/19;4175,000;1;18;-0,0984615;-0,0313385;-0,1045646;Rejected;0,6956000;-0,0137911;-0,0341607
M3;4;20;30/05/19;4175,000;5;69;-0,0984615;-0,0313385;-0,1045646;Rejected;0,6956000;-0,0137911;-0,0341607
M3;5;21;01/06/19;4175,000;0;20;-0,0984615;-0,0313385;-0,1045646;Rejected;0,6956000;-0,0137911;-0,0341607
M3;5;22;01/06/19;4175,000;4;27;-0,0984615;-0,0313385;-0,1045646;Rejected;0,6956000;-0,0137911;-0,0341607
M3;5;23;01/06/19;4175,000;2;15;-0,0984615;-0,0313385;-0,1045646;Rejected;0,6956000;-0,0137911;-0,0341607
M3;5;24;01/06/19;4175,000;2;26;-0,0984615;-0,0313385;-0,1045646;Rejected;0,6956000;-0,0137911;-0,0341607
M3;5;25;01/06/19;4175,000;2;22;-0,0984615;-0,0313385;-0,1045646;Rejected;0,6956000;-0,0137911;-0,0341607
M4;1;1;27/05/19;3.826;5;114;-0,1123077;-0,0646204;-0,0768116;Rejected;0,6983000;0,0006875;-0,0109491
M4;1;2;27/05/19;3.826;6;43;-0,1123077;-0,0646204;-0,0768116;Rejected;0,6983000;0,0006875;-0,0109491
M4;1;3;27/05/19;3.826;3;146;-0,1123077;-0,0646204;-0,0768116;Rejected;0,6983000;0,0006875;-0,0109491
M4;1;4;27/05/19;3.826;2;35;-0,1123077;-0,0646204;-0,0768116;Rejected;0,6983000;0,0006875;-0,0109491
M4;1;5;27/05/19;3.826;2;99;-0,1123077;-0,0646204;-0,0768116;Rejected;0,6983000;0,0006875;-0,0109491
M4;2;6;28/05/19;3.826;2;11;-0,1123077;-0,0646204;-0,0768116;Rejected;0,6983000;0,0006875;-0,0109491
M4;2;7;28/05/19;3.826;5;95;-0,1123077;-0,0646204;-0,0768116;Rejected;0,6983000;0,0006875;-0,0109491
M4;2;8;28/05/19;3.826;2;16;-0,1123077;-0,0646204;-0,0768116;Rejected;0,6983000;0,0006875;-0,0109491
M4;2;9;28/05/19;3.826;4;33;-0,1123077;-0,0646204;-0,0768116;Rejected;0,6983000;0,0006875;-0,0109491
M4;2;10;28/05/19;3.826;3;110;-0,1123077;-0,0646204;-0,0768116;Rejected;0,6983000;0,0006875;-0,0109491
M4;3;11;29/05/19;3.826;3;166;-0,1123077;-0,0646204;-0,0768116;Rejected;0,6983000;0,0006875;-0,0109491
M4;3;12;29/05/19;3.826;1;7;-0,1123077;-0,0646204;-0,0768116;Rejected;0,6983000;0,0006875;-0,0109491
M4;3;13;29/05/19;3.826;2;11;-0,1123077;-0,0646204;-0,0768116;Rejected;0,6983000;0,0006875;-0,0109491
M4;3;14;29/05/19;3.826;5;100;-0,1123077;-0,0646204;-0,0768116;Rejected;0,6983000;0,0006875;-0,0109491
M4;3;15;29/05/19;3.826;2;28;-0,1123077;-0,0646204;-0,0768116;Rejected;0,6983000;0,0006875;-0,0109491
M4;4;16;30/05/19;3.826;3;13;-0,1123077;-0,0646204;-0,0768116;Rejected;0,6983000;0,0006875;-0,0109491
M4;4;17;30/05/19;3.826;2;20;-0,1123077;-0,0646204;-0,0768116;Rejected;0,6983000;0,0006875;-0,0109491
M4;4;18;30/05/19;3.826;3;79;-0,1123077;-0,0646204;-0,0768116;Rejected;0,6983000;0,0006875;-0,0109491
M4;4;19;30/05/19;3.826;1;24;-0,1123077;-0,0646204;-0,0768116;Rejected;0,6983000;0,0006875;-0,0109491
M4;4;20;30/05/19;3.826;1;39;-0,1123077;-0,0646204;-0,0768116;Rejected;0,6983000;0,0006875;-0,0109491
M4;5;21;01/06/19;3.826;2;38;-0,1123077;-0,0646204;-0,0768116;Rejected;0,6983000;0,0006875;-0,0109491
M4;5;22;01/06/19;3.826;3;20;-0,1123077;-0,0646204;-0,0768116;Rejected;0,6983000;0,0006875;-0,0109491
M4;5;23;01/06/19;3.826;1;17;-0,1123077;-0,0646204;-0,0768116;Rejected;0,6983000;0,0006875;-0,0109491
M4;5;24;01/06/19;3.826;1;9;-0,1123077;-0,0646204;-0,0768116;Rejected;0,6983000;0,0006875;-0,0109491
M4;5;25;01/06/19;3.826;1;8;-0,1123077;-0,0646204;-0,0768116;Rejected;0,6983000;0,0006875;-0,0109491
M5;1;1;04/06/19;4.012;4;175;-0,1284615;-0,0450632;-0,0264286;Rejected;0,6304000;0,0206370;-0,0066958
M5;1;2;04/06/19;4.012;6;84;-0,1284615;-0,0450632;-0,0264286;Rejected;0,6304000;0,0206370;-0,0066958
M5;1;3;04/06/19;4.012;11;204;-0,1284615;-0,0450632;-0,0264286;Rejected;0,6304000;0,0206370;-0,0066958
M5;1;4;04/06/19;4.012;2;51;-0,1284615;-0,0450632;-0,0264286;Rejected;0,6304000;0,0206370;-0,0066958
M5;1;5;04/06/19;4.012;5;132;-0,1284615;-0,0450632;-0,0264286;Rejected;0,6304000;0,0206370;-0,0066958
M5;2;6;05/06/19;4.012;4;55;-0,1284615;-0,0450632;-0,0264286;Rejected;0,6304000;0,0206370;-0,0066958
M5;2;7;05/06/19;4.012;2;42;-0,1284615;-0,0450632;-0,0264286;Rejected;0,6304000;0,0206370;-0,0066958
M5;2;8;05/06/19;4.012;2;49;-0,1284615;-0,0450632;-0,0264286;Rejected;0,6304000;0,0206370;-0,0066958
M5;2;9;05/06/19;4.012;3;93;-0,1284615;-0,0450632;-0,0264286;Rejected;0,6304000;0,0206370;-0,0066958
M5;2;10;05/06/19;4.012;1;40;-0,1284615;-0,0450632;-0,0264286;Rejected;0,6304000;0,0206370;-0,0066958
M5;3;11;06/06/19;4.012;2;43;-0,1284615;-0,0450632;-0,0264286;Rejected;0,6304000;0,0206370;-0,0066958
M5;3;12;06/06/19;4.012;3;47;-0,1284615;-0,0450632;-0,0264286;Rejected;0,6304000;0,0206370;-0,0066958
M5;3;13;06/06/19;4.012;3;54;-0,1284615;-0,0450632;-0,0264286;Rejected;0,6304000;0,0206370;-0,0066958
M5;3;14;06/06/19;4.012;1;34;-0,1284615;-0,0450632;-0,0264286;Rejected;0,6304000;0,0206370;-0,0066958
M5;3;15;06/06/19;4.012;1;36;-0,1284615;-0,0450632;-0,0264286;Rejected;0,6304000;0,0206370;-0,0066958
M5;4;16;07/06/19;4.012;1;15;-0,1284615;-0,0450632;-0,0264286;Rejected;0,6304000;0,0206370;-0,0066958
M5;4;17;07/06/19;4.012;6;95;-0,1284615;-0,0450632;-0,0264286;Rejected;0,6304000;0,0206370;-0,0066958
M5;4;18;07/06/19;4.012;2;58;-0,1284615;-0,0450632;-0,0264286;Rejected;0,6304000;0,0206370;-0,0066958
M5;4;19;07/06/19;4.012;3;47;-0,1284615;-0,0450632;-0,0264286;Rejected;0,6304000;0,0206370;-0,0066958
M5;4;20;07/06/19;4.012;2;50;-0,1284615;-0,0450632;-0,0264286;Rejected;0,6304000;0,0206370;-0,0066958
M5;5;21;08/06/19;4.012;1;15;-0,1284615;-0,0450632;-0,0264286;Rejected;0,6304000;0,0206370;-0,0066958
M5;5;22;08/06/19;4.012;2;35;-0,1284615;-0,0450632;-0,0264286;Rejected;0,6304000;0,0206370;-0,0066958
M5;5;23;08/06/19;4.012;2;34;-0,1284615;-0,0450632;-0,0264286;Rejected;0,6304000;0,0206370;-0,0066958
M5;5;24;08/06/19;4.012;3;61;-0,1284615;-0,0450632;-0,0264286;Rejected;0,6304000;0,0206370;-0,0066958
M5;5;25;08/06/19;4.012;3;56;-0,1284615;-0,0450632;-0,0264286;Rejected;0,6304000;0,0206370;-0,0066958
M6;1;1;04/06/19;3.718;3;312;-0,1015385;-0,0631451;0,0127599;Rejected;0,6021000;-0,0066200;-0,0637324
M6;1;2;04/06/19;3.718;3;41;-0,1015385;-0,0631451;0,0127599;Rejected;0,6021000;-0,0066200;-0,0637324
M6;1;3;04/06/19;3.718;5;348;-0,1015385;-0,0631451;0,0127599;Rejected;0,6021000;-0,0066200;-0,0637324
M6;1;4;04/06/19;3.718;7;86;-0,1015385;-0,0631451;0,0127599;Rejected;0,6021000;-0,0066200;-0,0637324
M6;1;5;04/06/19;3.718;4;48;-0,1015385;-0,0631451;0,0127599;Rejected;0,6021000;-0,0066200;-0,0637324
M6;2;6;05/06/19;3.718;3;39;-0,1015385;-0,0631451;0,0127599;Rejected;0,6021000;-0,0066200;-0,0637324
M6;2;7;05/06/19;3.718;2;57;-0,1015385;-0,0631451;0,0127599;Rejected;0,6021000;-0,0066200;-0,0637324
M6;2;8;05/06/19;3.718;3;30;-0,1015385;-0,0631451;0,0127599;Rejected;0,6021000;-0,0066200;-0,0637324
M6;2;9;05/06/19;3.718;1;27;-0,1015385;-0,0631451;0,0127599;Rejected;0,6021000;-0,0066200;-0,0637324
M6;2;10;05/06/19;3.718;3;30;-0,1015385;-0,0631451;0,0127599;Rejected;0,6021000;-0,0066200;-0,0637324
M6;3;11;06/06/19;3.718;4;14;-0,1015385;-0,0631451;0,0127599;Rejected;0,6021000;-0,0066200;-0,0637324
M6;3;12;06/06/19;3.718;5;61;-0,1015385;-0,0631451;0,0127599;Rejected;0,6021000;-0,0066200;-0,0637324
M6;3;13;06/06/19;3.718;2;25;-0,1015385;-0,0631451;0,0127599;Rejected;0,6021000;-0,0066200;-0,0637324
M6;3;14;06/06/19;3.718;3;39;-0,1015385;-0,0631451;0,0127599;Rejected;0,6021000;-0,0066200;-0,0637324
M6;3;15;06/06/19;3.718;2;23;-0,1015385;-0,0631451;0,0127599;Rejected;0,6021000;-0,0066200;-0,0637324
M6;4;16;07/06/19;3.718;1;23;-0,1015385;-0,0631451;0,0127599;Rejected;0,6021000;-0,0066200;-0,0637324
M6;4;17;07/06/19;3.718;3;25;-0,1015385;-0,0631451;0,0127599;Rejected;0,6021000;-0,0066200;-0,0637324
M6;4;18;07/06/19;3.718;2;24;-0,1015385;-0,0631451;0,0127599;Rejected;0,6021000;-0,0066200;-0,0637324
M6;4;19;07/06/19;3.718;1;14;-0,1015385;-0,0631451;0,0127599;Rejected;0,6021000;-0,0066200;-0,0637324
M6;4;20;07/06/19;3.718;3;65;-0,1015385;-0,0631451;0,0127599;Rejected;0,6021000;-0,0066200;-0,0637324
M6;5;21;08/06/19;3.718;3;31;-0,1015385;-0,0631451;0,0127599;Rejected;0,6021000;-0,0066200;-0,0637324
M6;5;22;08/06/19;3.718;1;39;-0,1015385;-0,0631451;0,0127599;Rejected;0,6021000;-0,0066200;-0,0637324
M6;5;23;08/06/19;3.718;3;28;-0,1015385;-0,0631451;0,0127599;Rejected;0,6021000;-0,0066200;-0,0637324
M6;5;24;08/06/19;3.718;2;19;-0,1015385;-0,0631451;0,0127599;Rejected;0,6021000;-0,0066200;-0,0637324
M6;5;25;08/06/19;3.718;1;23;-0,1015385;-0,0631451;0,0127599;Rejected;0,6021000;-0,0066200;-0,0637324
M7;1;1;13/06/19;4.226;5;160;-0,1438462;-0,0381342;-0,1455357;Rejected;0,6245000;-0,0199085;-0,0110286
M7;1;2;13/06/19;4.226;10;193;-0,1438462;-0,0381342;-0,1455357;Rejected;0,6245000;-0,0199085;-0,0110286
M7;1;3;13/06/19;4.226;4;85;-0,1438462;-0,0381342;-0,1455357;Rejected;0,6245000;-0,0199085;-0,0110286
M7;1;4;13/06/19;4.226;5;172;-0,1438462;-0,0381342;-0,1455357;Rejected;0,6245000;-0,0199085;-0,0110286
M7;1;5;13/06/19;4.226;3;41;-0,1438462;-0,0381342;-0,1455357;Rejected;0,6245000;-0,0199085;-0,0110286
M7;2;6;14/06/19;4.226;0;96;-0,1438462;-0,0381342;-0,1455357;Rejected;0,6245000;-0,0199085;-0,0110286
M7;2;7;14/06/19;4.226;2;85;-0,1438462;-0,0381342;-0,1455357;Rejected;0,6245000;-0,0199085;-0,0110286
M7;2;8;14/06/19;4.226;6;116;-0,1438462;-0,0381342;-0,1455357;Rejected;0,6245000;-0,0199085;-0,0110286
M7;2;9;14/06/19;4.226;2;60;-0,1438462;-0,0381342;-0,1455357;Rejected;0,6245000;-0,0199085;-0,0110286
M7;2;10;14/06/19;4.226;3;72;-0,1438462;-0,0381342;-0,1455357;Rejected;0,6245000;-0,0199085;-0,0110286
M7;3;11;15/06/19;4.226;0;20;-0,1438462;-0,0381342;-0,1455357;Rejected;0,6245000;-0,0199085;-0,0110286
M7;3;12;15/06/19;4.226;5;126;-0,1438462;-0,0381342;-0,1455357;Rejected;0,6245000;-0,0199085;-0,0110286
M7;3;13;15/06/19;4.226;6;134;-0,1438462;-0,0381342;-0,1455357;Rejected;0,6245000;-0,0199085;-0,0110286
M7;3;14;15/06/19;4.226;0;56;-0,1438462;-0,0381342;-0,1455357;Rejected;0,6245000;-0,0199085;-0,0110286
M7;3;15;15/06/19;4.226;2;106;-0,1438462;-0,0381342;-0,1455357;Rejected;0,6245000;-0,0199085;-0,0110286
M7;4;16;16/06/19;4.226;4;104;-0,1438462;-0,0381342;-0,1455357;Rejected;0,6245000;-0,0199085;-0,0110286
M7;4;17;16/06/19;4.226;1;36;-0,1438462;-0,0381342;-0,1455357;Rejected;0,6245000;-0,0199085;-0,0110286
M7;4;18;16/06/19;4.226;4;80;-0,1438462;-0,0381342;-0,1455357;Rejected;0,6245000;-0,0199085;-0,0110286
M7;4;19;16/06/19;4.226;4;126;-0,1438462;-0,0381342;-0,1455357;Rejected;0,6245000;-0,0199085;-0,0110286
M7;4;20;16/06/19;4.226;1;43;-0,1438462;-0,0381342;-0,1455357;Rejected;0,6245000;-0,0199085;-0,0110286
M7;5;21;17/06/19;4.226;2;39;-0,1438462;-0,0381342;-0,1455357;Rejected;0,6245000;-0,0199085;-0,0110286
M7;5;22;17/06/19;4.226;2;41;-0,1438462;-0,0381342;-0,1455357;Rejected;0,6245000;-0,0199085;-0,0110286
M7;5;23;17/06/19;4.226;4;96;-0,1438462;-0,0381342;-0,1455357;Rejected;0,6245000;-0,0199085;-0,0110286
M7;5;24;17/06/19;4.226;1;59;-0,1438462;-0,0381342;-0,1455357;Rejected;0,6245000;-0,0199085;-0,0110286
M7;5;25;17/06/19;4.226;0;28;-0,1438462;-0,0381342;-0,1455357;Rejected;0,6245000;-0,0199085;-0,0110286
M8;1;1;13/6/19;4.578;4;204;-0,1538462;-0,0439517;0,1123345;Chosen;0,8957000;-0,0111306;-0,0136527
M8;1;2;13/6/19;4.578;7;141;-0,1538462;-0,0439517;0,1123345;Chosen;0,8957000;-0,0111306;-0,0136527
M8;1;3;13/6/19;4.578;2;66;-0,1538462;-0,0439517;0,1123345;Chosen;0,8957000;-0,0111306;-0,0136527
M8;1;4;13/6/19;4.578;6;283;-0,1538462;-0,0439517;0,1123345;Chosen;0,8957000;-0,0111306;-0,0136527
M8;1;5;13/6/19;4.578;3;69;-0,1538462;-0,0439517;0,1123345;Chosen;0,8957000;-0,0111306;-0,0136527
M8;2;6;14/6/19;4.578;6;123;-0,1538462;-0,0439517;0,1123345;Chosen;0,8957000;-0,0111306;-0,0136527
M8;2;7;14/6/19;4.578;7;121;-0,1538462;-0,0439517;0,1123345;Chosen;0,8957000;-0,0111306;-0,0136527
M8;2;8;14/6/19;4.578;3;77;-0,1538462;-0,0439517;0,1123345;Chosen;0,8957000;-0,0111306;-0,0136527
M8;2;9;14/6/19;4.578;1;37;-0,1538462;-0,0439517;0,1123345;Chosen;0,8957000;-0,0111306;-0,0136527
M8;2;10;14/6/19;4.578;3;45;-0,1538462;-0,0439517;0,1123345;Chosen;0,8957000;-0,0111306;-0,0136527
M8;3;11;15/6/19;4.578;4;120;-0,1538462;-0,0439517;0,1123345;Chosen;0,8957000;-0,0111306;-0,0136527
M8;3;12;15/6/19;4.578;2;39;-0,1538462;-0,0439517;0,1123345;Chosen;0,8957000;-0,0111306;-0,0136527
M8;3;13;15/6/19;4.578;1;35;-0,1538462;-0,0439517;0,1123345;Chosen;0,8957000;-0,0111306;-0,0136527
M8;3;14;15/6/19;4.578;4;99;-0,1538462;-0,0439517;0,1123345;Chosen;0,8957000;-0,0111306;-0,0136527
M8;3;15;15/6/19;4.578;3;98;-0,1538462;-0,0439517;0,1123345;Chosen;0,8957000;-0,0111306;-0,0136527
M8;4;16;16/6/19;4.578;2;45;-0,1538462;-0,0439517;0,1123345;Chosen;0,8957000;-0,0111306;-0,0136527
M8;4;17;16/6/19;4.578;3;60;-0,1538462;-0,0439517;0,1123345;Chosen;0,8957000;-0,0111306;-0,0136527
M8;4;18;16/6/19;4.578;3;48;-0,1538462;-0,0439517;0,1123345;Chosen;0,8957000;-0,0111306;-0,0136527
M8;4;19;16/6/19;4.578;2;81;-0,1538462;-0,0439517;0,1123345;Chosen;0,8957000;-0,0111306;-0,0136527
M8;4;20;16/6/19;4.578;1;148;-0,1538462;-0,0439517;0,1123345;Chosen;0,8957000;-0,0111306;-0,0136527
M8;5;21;17/6/19;4.578;0;41;-0,1538462;-0,0439517;0,1123345;Chosen;0,8957000;-0,0111306;-0,0136527
M8;5;22;17/6/19;4.578;3;62;-0,1538462;-0,0439517;0,1123345;Chosen;0,8957000;-0,0111306;-0,0136527
M8;5;23;17/6/19;4.578;2;81;-0,1538462;-0,0439517;0,1123345;Chosen;0,8957000;-0,0111306;-0,0136527
M8;5;24;17/6/19;4.578;0;16;-0,1538462;-0,0439517;0,1123345;Chosen;0,8957000;-0,0111306;-0,0136527
M8;5;25;17/6/19;4.578;3;52;-0,1538462;-0,0439517;0,1123345;Chosen;0,8957000;-0,0111306;-0,0136527
M11;1;1;25/06/19;3.784;5;106;-0,1430310;-0,0678286;-0,0998720;Rejected;0,7383000;-0,0455728;-0,0523363
M11;1;2;25/06/19;3.784;3;90;-0,1430310;-0,0678286;-0,0998720;Rejected;0,7383000;-0,0455728;-0,0523363
M11;1;3;25/06/19;3.784;9;373;-0,1430310;-0,0678286;-0,0998720;Rejected;0,7383000;-0,0455728;-0,0523363
M11;1;4;25/06/19;3.784;5;127;-0,1430310;-0,0678286;-0,0998720;Rejected;0,7383000;-0,0455728;-0,0523363
M11;1;5;25/06/19;3.784;incomplete;incomplete;-0,1430310;-0,0678286;-0,0998720;Rejected;0,7383000;-0,0455728;-0,0523363
M11;2;6;26/06/19;3.784;6;139;-0,1430310;-0,0678286;-0,0998720;Rejected;0,7383000;-0,0455728;-0,0523363
M11;2;7;26/06/19;3.784;3;100;-0,1430310;-0,0678286;-0,0998720;Rejected;0,7383000;-0,0455728;-0,0523363
M11;2;8;26/06/19;3.784;incomplete;incomplete;-0,1430310;-0,0678286;-0,0998720;Rejected;0,7383000;-0,0455728;-0,0523363
M11;2;9;26/06/19;3.784;5;99;-0,1430310;-0,0678286;-0,0998720;Rejected;0,7383000;-0,0455728;-0,0523363
M11;2;10;26/06/19;3.784;incomplete;incomplete;-0,1430310;-0,0678286;-0,0998720;Rejected;0,7383000;-0,0455728;-0,0523363
M11;3;11;27/06/19;3.784;7;427;-0,1430310;-0,0678286;-0,0998720;Rejected;0,7383000;-0,0455728;-0,0523363
M11;3;12;27/06/19;3.784;2;41;-0,1430310;-0,0678286;-0,0998720;Rejected;0,7383000;-0,0455728;-0,0523363
M11;3;13;27/06/19;3.784;2;14;-0,1430310;-0,0678286;-0,0998720;Rejected;0,7383000;-0,0455728;-0,0523363
M11;3;14;27/06/19;3.784;2;58;-0,1430310;-0,0678286;-0,0998720;Rejected;0,7383000;-0,0455728;-0,0523363
M11;3;15;27/06/19;3.784;3;91;-0,1430310;-0,0678286;-0,0998720;Rejected;0,7383000;-0,0455728;-0,0523363
M11;4;16;28/06/19;3.784;1;22;-0,1430310;-0,0678286;-0,0998720;Rejected;0,7383000;-0,0455728;-0,0523363
M11;4;17;28/06/19;3.784;3;74;-0,1430310;-0,0678286;-0,0998720;Rejected;0,7383000;-0,0455728;-0,0523363
M11;4;18;28/06/19;3.784;4;167;-0,1430310;-0,0678286;-0,0998720;Rejected;0,7383000;-0,0455728;-0,0523363
M11;4;19;28/06/19;3.784;5;176;-0,1430310;-0,0678286;-0,0998720;Rejected;0,7383000;-0,0455728;-0,0523363
M11;4;20;28/06/19;3.784;1;20;-0,1430310;-0,0678286;-0,0998720;Rejected;0,7383000;-0,0455728;-0,0523363
M11;5;21;29/06/19;3.784;incomplete;incomplete;-0,1430310;-0,0678286;-0,0998720;Rejected;0,7383000;-0,0455728;-0,0523363
M11;5;22;29/06/19;3.784;4;20;-0,1430310;-0,0678286;-0,0998720;Rejected;0,7383000;-0,0455728;-0,0523363
M11;5;23;29/06/19;3.784;2;36;-0,1430310;-0,0678286;-0,0998720;Rejected;0,7383000;-0,0455728;-0,0523363
M11;5;24;29/06/19;3.784;5;113;-0,1430310;-0,0678286;-0,0998720;Rejected;0,7383000;-0,0455728;-0,0523363
M11;5;25;29/06/19;3.784;0;12;-0,1430310;-0,0678286;-0,0998720;Rejected;0,7383000;-0,0455728;-0,0523363
M12;1;1;25/06/19;3.967;7;785;-0,1363203;-0,0612367;0,0825448;Rejected;0,6463000;-0,0224353;-0,0383418
M12;1;2;25/06/19;3.967;4;141;-0,1363203;-0,0612367;0,0825448;Rejected;0,6463000;-0,0224353;-0,0383418
M12;1;3;25/06/19;3.967;6;1243;-0,1363203;-0,0612367;0,0825448;Rejected;0,6463000;-0,0224353;-0,0383418
M12;1;4;25/06/19;3.967;incomplete;incomplete;-0,1363203;-0,0612367;0,0825448;Rejected;0,6463000;-0,0224353;-0,0383418
M12;1;5;25/06/19;3.967;incomplete;incomplete;-0,1363203;-0,0612367;0,0825448;Rejected;0,6463000;-0,0224353;-0,0383418
M12;2;6;26/06/19;3.967;8;192;-0,1363203;-0,0612367;0,0825448;Rejected;0,6463000;-0,0224353;-0,0383418
M12;2;7;26/06/19;3.967;incomplete;incomplete;-0,1363203;-0,0612367;0,0825448;Rejected;0,6463000;-0,0224353;-0,0383418
M12;2;8;26/06/19;3.967;2;53;-0,1363203;-0,0612367;0,0825448;Rejected;0,6463000;-0,0224353;-0,0383418
M12;2;9;26/06/19;3.967;incomplete;incomplete;-0,1363203;-0,0612367;0,0825448;Rejected;0,6463000;-0,0224353;-0,0383418
M12;2;10;26/06/19;3.967;incomplete;incomplete;-0,1363203;-0,0612367;0,0825448;Rejected;0,6463000;-0,0224353;-0,0383418
M12;3;11;27/06/19;3.967;3;84;-0,1363203;-0,0612367;0,0825448;Rejected;0,6463000;-0,0224353;-0,0383418
M12;3;12;27/06/19;3.967;1;35;-0,1363203;-0,0612367;0,0825448;Rejected;0,6463000;-0,0224353;-0,0383418
M12;3;13;27/06/19;3.967;4;208;-0,1363203;-0,0612367;0,0825448;Rejected;0,6463000;-0,0224353;-0,0383418
M12;3;14;27/06/19;3.967;7;289;-0,1363203;-0,0612367;0,0825448;Rejected;0,6463000;-0,0224353;-0,0383418
M12;3;15;27/06/19;3.967;2;24;-0,1363203;-0,0612367;0,0825448;Rejected;0,6463000;-0,0224353;-0,0383418
M12;4;16;28/06/19;3.967;4;168;-0,1363203;-0,0612367;0,0825448;Rejected;0,6463000;-0,0224353;-0,0383418
M12;4;17;28/06/19;3.967;2;56;-0,1363203;-0,0612367;0,0825448;Rejected;0,6463000;-0,0224353;-0,0383418
M12;4;18;28/06/19;3.967;2;200;-0,1363203;-0,0612367;0,0825448;Rejected;0,6463000;-0,0224353;-0,0383418
M12;4;19;28/06/19;3.967;7;159;-0,1363203;-0,0612367;0,0825448;Rejected;0,6463000;-0,0224353;-0,0383418
M12;4;20;28/06/19;3.967;0;27;-0,1363203;-0,0612367;0,0825448;Rejected;0,6463000;-0,0224353;-0,0383418
M12;5;21;29/06/19;3.967;2;79;-0,1363203;-0,0612367;0,0825448;Rejected;0,6463000;-0,0224353;-0,0383418
M12;5;22;29/06/19;3.967;6;233;-0,1363203;-0,0612367;0,0825448;Rejected;0,6463000;-0,0224353;-0,0383418
M12;5;23;29/06/19;3.967;2;78;-0,1363203;-0,0612367;0,0825448;Rejected;0,6463000;-0,0224353;-0,0383418
M12;5;24;29/06/19;3.967;4;218;-0,1363203;-0,0612367;0,0825448;Rejected;0,6463000;-0,0224353;-0,0383418
M12;5;25;29/06/19;3.967;1;41;-0,1363203;-0,0612367;0,0825448;Rejected;0,6463000;-0,0224353;-0,0383418
M13;1;1;02/07/19;4.057;9;1378;-0,2080139;-0,0942359;0,0613061;Chosen;0,7059000;0,0154807;0,0100789
M13;1;2;02/07/19;4.057;6;234;-0,2080139;-0,0942359;0,0613061;Chosen;0,7059000;0,0154807;0,0100789
M13;1;3;02/07/19;4.057;incomplete;incomplete;-0,2080139;-0,0942359;0,0613061;Chosen;0,7059000;0,0154807;0,0100789
M13;1;4;02/07/19;4.057;6;149;-0,2080139;-0,0942359;0,0613061;Chosen;0,7059000;0,0154807;0,0100789
M13;1;5;02/07/19;4.057;2;47;-0,2080139;-0,0942359;0,0613061;Chosen;0,7059000;0,0154807;0,0100789
M13;2;6;03/07/19;4.057;7;194;-0,2080139;-0,0942359;0,0613061;Chosen;0,7059000;0,0154807;0,0100789
M13;2;7;03/07/19;4.057;9;219;-0,2080139;-0,0942359;0,0613061;Chosen;0,7059000;0,0154807;0,0100789
M13;2;8;03/07/19;4.057;2;59;-0,2080139;-0,0942359;0,0613061;Chosen;0,7059000;0,0154807;0,0100789
M13;2;9;03/07/19;4.057;4;86;-0,2080139;-0,0942359;0,0613061;Chosen;0,7059000;0,0154807;0,0100789
M13;2;10;03/07/19;4.057;2;30;-0,2080139;-0,0942359;0,0613061;Chosen;0,7059000;0,0154807;0,0100789
M13;3;11;04/07/19;4.057;4;93;-0,2080139;-0,0942359;0,0613061;Chosen;0,7059000;0,0154807;0,0100789
M13;3;12;04/07/19;4.057;3;47;-0,2080139;-0,0942359;0,0613061;Chosen;0,7059000;0,0154807;0,0100789
M13;3;13;04/07/19;4.057;3;46;-0,2080139;-0,0942359;0,0613061;Chosen;0,7059000;0,0154807;0,0100789
M13;3;14;04/07/19;4.057;4;80;-0,2080139;-0,0942359;0,0613061;Chosen;0,7059000;0,0154807;0,0100789
M13;3;15;04/07/19;4.057;3;18;-0,2080139;-0,0942359;0,0613061;Chosen;0,7059000;0,0154807;0,0100789
M13;4;16;05/07/19;4.057;8;118;-0,2080139;-0,0942359;0,0613061;Chosen;0,7059000;0,0154807;0,0100789
M13;4;17;05/07/19;4.057;4;72;-0,2080139;-0,0942359;0,0613061;Chosen;0,7059000;0,0154807;0,0100789
M13;4;18;05/07/19;4.057;1;22;-0,2080139;-0,0942359;0,0613061;Chosen;0,7059000;0,0154807;0,0100789
M13;4;19;05/07/19;4.057;5;212;-0,2080139;-0,0942359;0,0613061;Chosen;0,7059000;0,0154807;0,0100789
M13;4;20;05/07/19;4.057;2;45;-0,2080139;-0,0942359;0,0613061;Chosen;0,7059000;0,0154807;0,0100789
M13;5;21;06/07/19;4.057;3;61;-0,2080139;-0,0942359;0,0613061;Chosen;0,7059000;0,0154807;0,0100789
M13;5;22;06/07/19;4.057;4;47;-0,2080139;-0,0942359;0,0613061;Chosen;0,7059000;0,0154807;0,0100789
M13;5;23;06/07/19;4.057;1;33;-0,2080139;-0,0942359;0,0613061;Chosen;0,7059000;0,0154807;0,0100789
M13;5;24;06/07/19;4.057;1;26;-0,2080139;-0,0942359;0,0613061;Chosen;0,7059000;0,0154807;0,0100789
M13;5;25;06/07/19;4.057;0;11;-0,2080139;-0,0942359;0,0613061;Chosen;0,7059000;0,0154807;0,0100789
M14;1;1;02/07/19;4.305;16;1457;-0,2100000;-0,0695253;-0,0515631;Chosen;0,8204000;-0,0331961;0,0387149
M14;1;2;02/07/19;4.305;4;214;-0,2100000;-0,0695253;-0,0515631;Chosen;0,8204000;-0,0331961;0,0387149
M14;1;3;02/07/19;4.305;5;82;-0,2100000;-0,0695253;-0,0515631;Chosen;0,8204000;-0,0331961;0,0387149
M14;1;4;02/07/19;4.305;8;207;-0,2100000;-0,0695253;-0,0515631;Chosen;0,8204000;-0,0331961;0,0387149
M14;1;5;02/07/19;4.305;5;152;-0,2100000;-0,0695253;-0,0515631;Chosen;0,8204000;-0,0331961;0,0387149
M14;2;6;03/07/19;4.305;5;136;-0,2100000;-0,0695253;-0,0515631;Chosen;0,8204000;-0,0331961;0,0387149
M14;2;7;03/07/19;4.305;3;62;-0,2100000;-0,0695253;-0,0515631;Chosen;0,8204000;-0,0331961;0,0387149
M14;2;8;03/07/19;4.305;4;109;-0,2100000;-0,0695253;-0,0515631;Chosen;0,8204000;-0,0331961;0,0387149
M14;2;9;03/07/19;4.305;6;113;-0,2100000;-0,0695253;-0,0515631;Chosen;0,8204000;-0,0331961;0,0387149
M14;2;10;03/07/19;4.305;3;60;-0,2100000;-0,0695253;-0,0515631;Chosen;0,8204000;-0,0331961;0,0387149
M14;3;11;04/07/19;4.305;2;24;-0,2100000;-0,0695253;-0,0515631;Chosen;0,8204000;-0,0331961;0,0387149
M14;3;12;04/07/19;4.305;2;37;-0,2100000;-0,0695253;-0,0515631;Chosen;0,8204000;-0,0331961;0,0387149
M14;3;13;04/07/19;4.305;3;114;-0,2100000;-0,0695253;-0,0515631;Chosen;0,8204000;-0,0331961;0,0387149
M14;3;14;04/07/19;4.305;6;90;-0,2100000;-0,0695253;-0,0515631;Chosen;0,8204000;-0,0331961;0,0387149
M14;3;15;04/07/19;4.305;2;47;-0,2100000;-0,0695253;-0,0515631;Chosen;0,8204000;-0,0331961;0,0387149
M14;4;16;05/07/19;4.305;2;34;-0,2100000;-0,0695253;-0,0515631;Chosen;0,8204000;-0,0331961;0,0387149
M14;4;17;05/07/19;4.305;2;67;-0,2100000;-0,0695253;-0,0515631;Chosen;0,8204000;-0,0331961;0,0387149
M14;4;18;05/07/19;4.305;3;66;-0,2100000;-0,0695253;-0,0515631;Chosen;0,8204000;-0,0331961;0,0387149
M14;4;19;05/07/19;4.305;3;59;-0,2100000;-0,0695253;-0,0515631;Chosen;0,8204000;-0,0331961;0,0387149
M14;4;20;05/07/19;4.305;7;116;-0,2100000;-0,0695253;-0,0515631;Chosen;0,8204000;-0,0331961;0,0387149
M14;5;21;06/07/19;4.305;2;32;-0,2100000;-0,0695253;-0,0515631;Chosen;0,8204000;-0,0331961;0,0387149
M14;5;22;06/07/19;4.305;2;32;-0,2100000;-0,0695253;-0,0515631;Chosen;0,8204000;-0,0331961;0,0387149
M14;5;23;06/07/19;4.305;4;65;-0,2100000;-0,0695253;-0,0515631;Chosen;0,8204000;-0,0331961;0,0387149
M14;5;24;06/07/19;4.305;3;50;-0,2100000;-0,0695253;-0,0515631;Chosen;0,8204000;-0,0331961;0,0387149
M14;5;25;06/07/19;4.305;2;65;-0,2100000;-0,0695253;-0,0515631;Chosen;0,8204000;-0,0331961;0,0387149
M15;1;1;09/07/19;4.371;20;734;-0,2138462;-0,0526705;0,0297471;Chosen;0,7527000;-0,0000030;-0,0222784
M15;1;2;09/07/19;4.371;2;78;-0,2138462;-0,0526705;0,0297471;Chosen;0,7527000;-0,0000030;-0,0222784
M15;1;3;09/07/19;4.371;2;58;-0,2138462;-0,0526705;0,0297471;Chosen;0,7527000;-0,0000030;-0,0222784
M15;1;4;09/07/19;4.371;4;109;-0,2138462;-0,0526705;0,0297471;Chosen;0,7527000;-0,0000030;-0,0222784
M15;1;5;09/07/19;4.371;3;64;-0,2138462;-0,0526705;0,0297471;Chosen;0,7527000;-0,0000030;-0,0222784
M15;2;6;10/07/19;4.371;1;53;-0,2138462;-0,0526705;0,0297471;Chosen;0,7527000;-0,0000030;-0,0222784
M15;2;7;10/07/19;4.371;2;43;-0,2138462;-0,0526705;0,0297471;Chosen;0,7527000;-0,0000030;-0,0222784
M15;2;8;10/07/19;4.371;1;47;-0,2138462;-0,0526705;0,0297471;Chosen;0,7527000;-0,0000030;-0,0222784
M15;2;9;10/07/19;4.371;2;64;-0,2138462;-0,0526705;0,0297471;Chosen;0,7527000;-0,0000030;-0,0222784
M15;2;10;10/07/19;4.371;3;88;-0,2138462;-0,0526705;0,0297471;Chosen;0,7527000;-0,0000030;-0,0222784
M15;3;11;11/07/19;4.371;4;121;-0,2138462;-0,0526705;0,0297471;Chosen;0,7527000;-0,0000030;-0,0222784
M15;3;12;11/07/19;4.371;2;67;-0,2138462;-0,0526705;0,0297471;Chosen;0,7527000;-0,0000030;-0,0222784
M15;3;13;11/07/19;4.371;1;46;-0,2138462;-0,0526705;0,0297471;Chosen;0,7527000;-0,0000030;-0,0222784
M15;3;14;11/07/19;4.371;2;62;-0,2138462;-0,0526705;0,0297471;Chosen;0,7527000;-0,0000030;-0,0222784
M15;3;15;11/07/19;4.371;3;91;-0,2138462;-0,0526705;0,0297471;Chosen;0,7527000;-0,0000030;-0,0222784
M15;4;16;12/07/19;4.371;1;39;-0,2138462;-0,0526705;0,0297471;Chosen;0,7527000;-0,0000030;-0,0222784
M15;4;17;12/07/19;4.371;0;28;-0,2138462;-0,0526705;0,0297471;Chosen;0,7527000;-0,0000030;-0,0222784
M15;4;18;12/07/19;4.371;3;86;-0,2138462;-0,0526705;0,0297471;Chosen;0,7527000;-0,0000030;-0,0222784
M15;4;19;12/07/19;4.371;1;86;-0,2138462;-0,0526705;0,0297471;Chosen;0,7527000;-0,0000030;-0,0222784
M15;4;20;12/07/19;4.371;1;37;-0,2138462;-0,0526705;0,0297471;Chosen;0,7527000;-0,0000030;-0,0222784
M15;5;21;13/07/19;4.371;4;52;-0,2138462;-0,0526705;0,0297471;Chosen;0,7527000;-0,0000030;-0,0222784
M15;5;22;13/07/19;4.371;0;21;-0,2138462;-0,0526705;0,0297471;Chosen;0,7527000;-0,0000030;-0,0222784
M15;5;23;13/07/19;4.371;1;41;-0,2138462;-0,0526705;0,0297471;Chosen;0,7527000;-0,0000030;-0,0222784
M15;5;24;13/07/19;4.371;2;35;-0,2138462;-0,0526705;0,0297471;Chosen;0,7527000;-0,0000030;-0,0222784
M15;5;25;13/07/19;4.371;1;31;-0,2138462;-0,0526705;0,0297471;Chosen;0,7527000;-0,0000030;-0,0222784
M16;1;1;09/07/19;3.895;13;1413;-0,1004131;-0,0619854;-0,0811758;Rejected;0,6820000;0,0081358;0,1254500
M16;1;2;09/07/19;3.895;2;73;-0,1004131;-0,0619854;-0,0811758;Rejected;0,6820000;0,0081358;0,1254500
M16;1;3;09/07/19;3.895;0;22;-0,1004131;-0,0619854;-0,0811758;Rejected;0,6820000;0,0081358;0,1254500
M16;1;4;09/07/19;3.895;5;712;-0,1004131;-0,0619854;-0,0811758;Rejected;0,6820000;0,0081358;0,1254500
M16;1;5;09/07/19;3.895;incomplete;incomplete;-0,1004131;-0,0619854;-0,0811758;Rejected;0,6820000;0,0081358;0,1254500
M16;2;6;10/07/19;3.895;0;14;-0,1004131;-0,0619854;-0,0811758;Rejected;0,6820000;0,0081358;0,1254500
M16;2;7;10/07/19;3.895;3;62;-0,1004131;-0,0619854;-0,0811758;Rejected;0,6820000;0,0081358;0,1254500
M16;2;8;10/07/19;3.895;0;25;-0,1004131;-0,0619854;-0,0811758;Rejected;0,6820000;0,0081358;0,1254500
M16;2;9;10/07/19;3.895;3;45;-0,1004131;-0,0619854;-0,0811758;Rejected;0,6820000;0,0081358;0,1254500
M16;2;10;10/07/19;3.895;2;48;-0,1004131;-0,0619854;-0,0811758;Rejected;0,6820000;0,0081358;0,1254500
M16;3;11;11/07/19;3.895;2;47;-0,1004131;-0,0619854;-0,0811758;Rejected;0,6820000;0,0081358;0,1254500
M16;3;12;11/07/19;3.895;4;60;-0,1004131;-0,0619854;-0,0811758;Rejected;0,6820000;0,0081358;0,1254500
M16;3;13;11/07/19;3.895;5;91;-0,1004131;-0,0619854;-0,0811758;Rejected;0,6820000;0,0081358;0,1254500
M16;3;14;11/07/19;3.895;4;51;-0,1004131;-0,0619854;-0,0811758;Rejected;0,6820000;0,0081358;0,1254500
M16;3;15;11/07/19;3.895;2;35;-0,1004131;-0,0619854;-0,0811758;Rejected;0,6820000;0,0081358;0,1254500
M16;4;16;12/07/19;3.895;1;14;-0,1004131;-0,0619854;-0,0811758;Rejected;0,6820000;0,0081358;0,1254500
M16;4;17;12/07/19;3.895;2;28;-0,1004131;-0,0619854;-0,0811758;Rejected;0,6820000;0,0081358;0,1254500
M16;4;18;12/07/19;3.895;1;20;-0,1004131;-0,0619854;-0,0811758;Rejected;0,6820000;0,0081358;0,1254500
M16;4;19;12/07/19;3.895;incomplete;incomplete;-0,1004131;-0,0619854;-0,0811758;Rejected;0,6820000;0,0081358;0,1254500
M16;4;20;12/07/19;3.895;4;83;-0,1004131;-0,0619854;-0,0811758;Rejected;0,6820000;0,0081358;0,1254500
M16;5;21;13/07/19;3.895;3;48;-0,1004131;-0,0619854;-0,0811758;Rejected;0,6820000;0,0081358;0,1254500
M16;5;22;13/07/19;3.895;1;23;-0,1004131;-0,0619854;-0,0811758;Rejected;0,6820000;0,0081358;0,1254500
M16;5;23;13/07/19;3.895;2;27;-0,1004131;-0,0619854;-0,0811758;Rejected;0,6820000;0,0081358;0,1254500
M16;5;24;13/07/19;3.895;1;22;-0,1004131;-0,0619854;-0,0811758;Rejected;0,6820000;0,0081358;0,1254500
M16;5;25;13/07/19;3.895;3;72;-0,1004131;-0,0619854;-0,0811758;Rejected;0,6820000;0,0081358;0,1254500
M17;1;1;16/07/19;4.183;4;200;-0,1269231;-0,0492821;-0,0875185;Rejected;0,7660000;0,0309900;0,0426992
M17;1;2;16/07/19;4.183;4;75;-0,1269231;-0,0492821;-0,0875185;Rejected;0,7660000;0,0309900;0,0426992
M17;1;3;16/07/19;4.183;5;64;-0,1269231;-0,0492821;-0,0875185;Rejected;0,7660000;0,0309900;0,0426992
M17;1;4;16/07/19;4.183;4;61;-0,1269231;-0,0492821;-0,0875185;Rejected;0,7660000;0,0309900;0,0426992
M17;1;5;16/07/19;4.183;5;125;-0,1269231;-0,0492821;-0,0875185;Rejected;0,7660000;0,0309900;0,0426992
M17;2;6;17/07/19;4.183;3;206;-0,1269231;-0,0492821;-0,0875185;Rejected;0,7660000;0,0309900;0,0426992
M17;2;7;17/07/19;4.183;3;44;-0,1269231;-0,0492821;-0,0875185;Rejected;0,7660000;0,0309900;0,0426992
M17;2;8;17/07/19;4.183;2;28;-0,1269231;-0,0492821;-0,0875185;Rejected;0,7660000;0,0309900;0,0426992
M17;2;9;17/07/19;4.183;5;142;-0,1269231;-0,0492821;-0,0875185;Rejected;0,7660000;0,0309900;0,0426992
M17;2;10;17/07/19;4.183;5;94;-0,1269231;-0,0492821;-0,0875185;Rejected;0,7660000;0,0309900;0,0426992
M17;3;11;18/07/19;4.183;2;31;-0,1269231;-0,0492821;-0,0875185;Rejected;0,7660000;0,0309900;0,0426992
M17;3;12;18/07/19;4.183;3;67;-0,1269231;-0,0492821;-0,0875185;Rejected;0,7660000;0,0309900;0,0426992
M17;3;13;18/07/19;4.183;2;63;-0,1269231;-0,0492821;-0,0875185;Rejected;0,7660000;0,0309900;0,0426992
M17;3;14;18/07/19;4.183;3;41;-0,1269231;-0,0492821;-0,0875185;Rejected;0,7660000;0,0309900;0,0426992
M17;3;15;18/07/19;4.183;2;38;-0,1269231;-0,0492821;-0,0875185;Rejected;0,7660000;0,0309900;0,0426992
M17;4;16;19/07/19;4.183;2;32;-0,1269231;-0,0492821;-0,0875185;Rejected;0,7660000;0,0309900;0,0426992
M17;4;17;19/07/19;4.183;2;15;-0,1269231;-0,0492821;-0,0875185;Rejected;0,7660000;0,0309900;0,0426992
M17;4;18;19/07/19;4.183;1;27;-0,1269231;-0,0492821;-0,0875185;Rejected;0,7660000;0,0309900;0,0426992
M17;4;19;19/07/19;4.183;3;40;-0,1269231;-0,0492821;-0,0875185;Rejected;0,7660000;0,0309900;0,0426992
M17;4;20;19/07/19;4.183;2;105;-0,1269231;-0,0492821;-0,0875185;Rejected;0,7660000;0,0309900;0,0426992
M17;5;21;20/07/19;4.183;2;49;-0,1269231;-0,0492821;-0,0875185;Rejected;0,7660000;0,0309900;0,0426992
M17;5;22;20/07/19;4.183;3;46;-0,1269231;-0,0492821;-0,0875185;Rejected;0,7660000;0,0309900;0,0426992
M17;5;23;20/07/19;4.183;2;44;-0,1269231;-0,0492821;-0,0875185;Rejected;0,7660000;0,0309900;0,0426992
M17;5;24;20/07/19;4.183;1;54;-0,1269231;-0,0492821;-0,0875185;Rejected;0,7660000;0,0309900;0,0426992
M17;5;25;20/07/19;4.183;1;18;-0,1269231;-0,0492821;-0,0875185;Rejected;0,7660000;0,0309900;0,0426992
M18;1;1;16/07/19;4.533;10;335;-0,2507692;-0,0589907;0,1528157;Chosen;0,7878000;-0,0387210;0,0068907
M18;1;2;16/07/19;4.533;4;112;-0,2507692;-0,0589907;0,1528157;Chosen;0,7878000;-0,0387210;0,0068907
M18;1;3;16/07/19;4.533;9;393;-0,2507692;-0,0589907;0,1528157;Chosen;0,7878000;-0,0387210;0,0068907
M18;1;4;16/07/19;4.533;4;78;-0,2507692;-0,0589907;0,1528157;Chosen;0,7878000;-0,0387210;0,0068907
M18;1;5;16/07/19;4.533;7;79;-0,2507692;-0,0589907;0,1528157;Chosen;0,7878000;-0,0387210;0,0068907
M18;2;6;17/07/19;4.533;8;218;-0,2507692;-0,0589907;0,1528157;Chosen;0,7878000;-0,0387210;0,0068907
M18;2;7;17/07/19;4.533;7;99;-0,2507692;-0,0589907;0,1528157;Chosen;0,7878000;-0,0387210;0,0068907
M18;2;8;17/07/19;4.533;4;99;-0,2507692;-0,0589907;0,1528157;Chosen;0,7878000;-0,0387210;0,0068907
M18;2;9;17/07/19;4.533;5;147;-0,2507692;-0,0589907;0,1528157;Chosen;0,7878000;-0,0387210;0,0068907
M18;2;10;17/07/19;4.533;6;121;-0,2507692;-0,0589907;0,1528157;Chosen;0,7878000;-0,0387210;0,0068907
M18;3;11;18/07/19;4.533;5;149;-0,2507692;-0,0589907;0,1528157;Chosen;0,7878000;-0,0387210;0,0068907
M18;3;12;18/07/19;4.533;4;104;-0,2507692;-0,0589907;0,1528157;Chosen;0,7878000;-0,0387210;0,0068907
M18;3;13;18/07/19;4.533;3;68;-0,2507692;-0,0589907;0,1528157;Chosen;0,7878000;-0,0387210;0,0068907
M18;3;14;18/07/19;4.533;4;79;-0,2507692;-0,0589907;0,1528157;Chosen;0,7878000;-0,0387210;0,0068907
M18;3;15;18/07/19;4.533;3;61;-0,2507692;-0,0589907;0,1528157;Chosen;0,7878000;-0,0387210;0,0068907
M18;4;16;19/07/19;4.533;6;57;-0,2507692;-0,0589907;0,1528157;Chosen;0,7878000;-0,0387210;0,0068907
M18;4;17;19/07/19;4.533;4;77;-0,2507692;-0,0589907;0,1528157;Chosen;0,7878000;-0,0387210;0,0068907
M18;4;18;19/07/19;4.533;1;62;-0,2507692;-0,0589907;0,1528157;Chosen;0,7878000;-0,0387210;0,0068907
M18;4;19;19/07/19;4.533;4;99;-0,2507692;-0,0589907;0,1528157;Chosen;0,7878000;-0,0387210;0,0068907
M18;4;20;19/07/19;4.533;4;101;-0,2507692;-0,0589907;0,1528157;Chosen;0,7878000;-0,0387210;0,0068907
M18;5;21;20/07/19;4.533;1;35;-0,2507692;-0,0589907;0,1528157;Chosen;0,7878000;-0,0387210;0,0068907
M18;5;22;20/07/19;4.533;3;36;-0,2507692;-0,0589907;0,1528157;Chosen;0,7878000;-0,0387210;0,0068907
M18;5;23;20/07/19;4.533;2;59;-0,2507692;-0,0589907;0,1528157;Chosen;0,7878000;-0,0387210;0,0068907
M18;5;24;20/07/19;4.533;2;95;-0,2507692;-0,0589907;0,1528157;Chosen;0,7878000;-0,0387210;0,0068907
M18;5;25;20/07/19;4.533;1;33;-0,2507692;-0,0589907;0,1528157;Chosen;0,7878000;-0,0387210;0,0068907
M19;1;1;23/07/19;4.111;8;128;-0,1800000;-0,0639318;0,0788246;Chosen;0,8612000;0,0030232;-0,0574363
M19;1;2;23/07/19;4.111;6;110;-0,1800000;-0,0639318;0,0788246;Chosen;0,8612000;0,0030232;-0,0574363
M19;1;3;23/07/19;4.111;7;189;-0,1800000;-0,0639318;0,0788246;Chosen;0,8612000;0,0030232;-0,0574363
M19;1;4;23/07/19;4.111;3;65;-0,1800000;-0,0639318;0,0788246;Chosen;0,8612000;0,0030232;-0,0574363
M19;1;5;23/07/19;4.111;1;29;-0,1800000;-0,0639318;0,0788246;Chosen;0,8612000;0,0030232;-0,0574363
M19;2;6;24/07/19;4.111;6;104;-0,1800000;-0,0639318;0,0788246;Chosen;0,8612000;0,0030232;-0,0574363
M19;2;7;24/07/19;4.111;1;32;-0,1800000;-0,0639318;0,0788246;Chosen;0,8612000;0,0030232;-0,0574363
M19;2;8;24/07/19;4.111;3;49;-0,1800000;-0,0639318;0,0788246;Chosen;0,8612000;0,0030232;-0,0574363
M19;2;9;24/07/19;4.111;2;80;-0,1800000;-0,0639318;0,0788246;Chosen;0,8612000;0,0030232;-0,0574363
M19;2;10;24/07/19;4.111;2;25;-0,1800000;-0,0639318;0,0788246;Chosen;0,8612000;0,0030232;-0,0574363
M19;3;11;25/07/19;4.111;4;42;-0,1800000;-0,0639318;0,0788246;Chosen;0,8612000;0,0030232;-0,0574363
M19;3;12;25/07/19;4.111;2;9;-0,1800000;-0,0639318;0,0788246;Chosen;0,8612000;0,0030232;-0,0574363
M19;3;13;25/07/19;4.111;3;50;-0,1800000;-0,0639318;0,0788246;Chosen;0,8612000;0,0030232;-0,0574363
M19;3;14;25/07/19;4.111;3;54;-0,1800000;-0,0639318;0,0788246;Chosen;0,8612000;0,0030232;-0,0574363
M19;3;15;25/07/19;4.111;2;20;-0,1800000;-0,0639318;0,0788246;Chosen;0,8612000;0,0030232;-0,0574363
M19;4;16;26/07/19;4.111;4;38;-0,1800000;-0,0639318;0,0788246;Chosen;0,8612000;0,0030232;-0,0574363
M19;4;17;26/07/19;4.111;3;45;-0,1800000;-0,0639318;0,0788246;Chosen;0,8612000;0,0030232;-0,0574363
M19;4;18;26/07/19;4.111;3;85;-0,1800000;-0,0639318;0,0788246;Chosen;0,8612000;0,0030232;-0,0574363
M19;4;19;26/07/19;4.111;2;87;-0,1800000;-0,0639318;0,0788246;Chosen;0,8612000;0,0030232;-0,0574363
M19;4;20;26/07/19;4.111;2;15;-0,1800000;-0,0639318;0,0788246;Chosen;0,8612000;0,0030232;-0,0574363
M19;5;21;27/07/19;4.111;1;14;-0,1800000;-0,0639318;0,0788246;Chosen;0,8612000;0,0030232;-0,0574363
M19;5;22;27/07/19;4.111;1;39;-0,1800000;-0,0639318;0,0788246;Chosen;0,8612000;0,0030232;-0,0574363
M19;5;23;27/07/19;4.111;2;22;-0,1800000;-0,0639318;0,0788246;Chosen;0,8612000;0,0030232;-0,0574363
M19;5;24;27/07/19;4.111;1;28;-0,1800000;-0,0639318;0,0788246;Chosen;0,8612000;0,0030232;-0,0574363
M19;5;25;27/07/19;4.111;0;10;-0,1800000;-0,0639318;0,0788246;Chosen;0,8612000;0,0030232;-0,0574363
M20;1;1;23/07/19;4.161;1;41;-0,1233695;-0,0360307;-0,0156630;Rejected;0,7158000;0,0394567;0,0872789
M20;1;2;23/07/19;4.161;3;113;-0,1233695;-0,0360307;-0,0156630;Rejected;0,7158000;0,0394567;0,0872789
M20;1;3;23/07/19;4.161;17;332;-0,1233695;-0,0360307;-0,0156630;Rejected;0,7158000;0,0394567;0,0872789
M20;1;4;23/07/19;4.161;0;34;-0,1233695;-0,0360307;-0,0156630;Rejected;0,7158000;0,0394567;0,0872789
M20;1;5;23/07/19;4.161;8;747;-0,1233695;-0,0360307;-0,0156630;Rejected;0,7158000;0,0394567;0,0872789
M20;2;6;24/07/19;4.161;1;124;-0,1233695;-0,0360307;-0,0156630;Rejected;0,7158000;0,0394567;0,0872789
M20;2;7;24/07/19;4.161;3;66;-0,1233695;-0,0360307;-0,0156630;Rejected;0,7158000;0,0394567;0,0872789
M20;2;8;24/07/19;4.161;3;73;-0,1233695;-0,0360307;-0,0156630;Rejected;0,7158000;0,0394567;0,0872789
M20;2;9;24/07/19;4.161;1;70;-0,1233695;-0,0360307;-0,0156630;Rejected;0,7158000;0,0394567;0,0872789
M20;2;10;24/07/19;4.161;8;218;-0,1233695;-0,0360307;-0,0156630;Rejected;0,7158000;0,0394567;0,0872789
M20;3;11;25/07/19;4.161;3;82;-0,1233695;-0,0360307;-0,0156630;Rejected;0,7158000;0,0394567;0,0872789
M20;3;12;25/07/19;4.161;2;56;-0,1233695;-0,0360307;-0,0156630;Rejected;0,7158000;0,0394567;0,0872789
M20;3;13;25/07/19;4.161;7;220;-0,1233695;-0,0360307;-0,0156630;Rejected;0,7158000;0,0394567;0,0872789
M20;3;14;25/07/19;4.161;0;35;-0,1233695;-0,0360307;-0,0156630;Rejected;0,7158000;0,0394567;0,0872789
M20;3;15;25/07/19;4.161;2;57;-0,1233695;-0,0360307;-0,0156630;Rejected;0,7158000;0,0394567;0,0872789
M20;4;16;26/07/19;4.161;1;35;-0,1233695;-0,0360307;-0,0156630;Rejected;0,7158000;0,0394567;0,0872789
M20;4;17;26/07/19;4.161;2;101;-0,1233695;-0,0360307;-0,0156630;Rejected;0,7158000;0,0394567;0,0872789
M20;4;18;26/07/19;4.161;1;50;-0,1233695;-0,0360307;-0,0156630;Rejected;0,7158000;0,0394567;0,0872789
M20;4;19;26/07/19;4.161;5;68;-0,1233695;-0,0360307;-0,0156630;Rejected;0,7158000;0,0394567;0,0872789
M20;4;20;26/07/19;4.161;incomplete;incomplete;-0,1233695;-0,0360307;-0,0156630;Rejected;0,7158000;0,0394567;0,0872789
M20;5;21;27/07/19;4.161;6;147;-0,1233695;-0,0360307;-0,0156630;Rejected;0,7158000;0,0394567;0,0872789
M20;5;22;27/07/19;4.161;5;80;-0,1233695;-0,0360307;-0,0156630;Rejected;0,7158000;0,0394567;0,0872789
M20;5;23;27/07/19;4.161;0;37;-0,1233695;-0,0360307;-0,0156630;Rejected;0,7158000;0,0394567;0,0872789
M20;5;24;27/07/19;4.161;2;72;-0,1233695;-0,0360307;-0,0156630;Rejected;0,7158000;0,0394567;0,0872789
M20;5;25;27/07/19;4.161;1;32;-0,1233695;-0,0360307;-0,0156630;Rejected;0,7158000;0,0394567;0,0872789
M21;1;1;30/07/19;4.233;13;1615;-0,2023077;-0,0549226;-0,0076445;Rejected;0,6541000;-0,0082453;-0,0248665
M21;1;2;30/07/19;4.233;10;177;-0,2023077;-0,0549226;-0,0076445;Rejected;0,6541000;-0,0082453;-0,0248665
M21;1;3;30/07/19;4.233;2;99;-0,2023077;-0,0549226;-0,0076445;Rejected;0,6541000;-0,0082453;-0,0248665
M21;1;4;30/07/19;4.233;3;96;-0,2023077;-0,0549226;-0,0076445;Rejected;0,6541000;-0,0082453;-0,0248665
M21;1;5;30/07/19;4.233;4;126;-0,2023077;-0,0549226;-0,0076445;Rejected;0,6541000;-0,0082453;-0,0248665
M21;2;6;31/07/19;4.233;9;182;-0,2023077;-0,0549226;-0,0076445;Rejected;0,6541000;-0,0082453;-0,0248665
M21;2;7;31/07/19;4.233;1;37;-0,2023077;-0,0549226;-0,0076445;Rejected;0,6541000;-0,0082453;-0,0248665
M21;2;8;31/07/19;4.233;7;162;-0,2023077;-0,0549226;-0,0076445;Rejected;0,6541000;-0,0082453;-0,0248665
M21;2;9;31/07/19;4.233;6;137;-0,2023077;-0,0549226;-0,0076445;Rejected;0,6541000;-0,0082453;-0,0248665
M21;2;10;31/07/19;4.233;1;46;-0,2023077;-0,0549226;-0,0076445;Rejected;0,6541000;-0,0082453;-0,0248665
M21;3;11;01/08/19;4.233;8;158;-0,2023077;-0,0549226;-0,0076445;Rejected;0,6541000;-0,0082453;-0,0248665
M21;3;12;01/08/19;4.233;6;164;-0,2023077;-0,0549226;-0,0076445;Rejected;0,6541000;-0,0082453;-0,0248665
M21;3;13;01/08/19;4.233;3;142;-0,2023077;-0,0549226;-0,0076445;Rejected;0,6541000;-0,0082453;-0,0248665
M21;3;14;01/08/19;4.233;3;100;-0,2023077;-0,0549226;-0,0076445;Rejected;0,6541000;-0,0082453;-0,0248665
M21;3;15;01/08/19;4.233;4;233;-0,2023077;-0,0549226;-0,0076445;Rejected;0,6541000;-0,0082453;-0,0248665
M21;4;16;02/08/19;4.233;5;125;-0,2023077;-0,0549226;-0,0076445;Rejected;0,6541000;-0,0082453;-0,0248665
M21;4;17;02/08/19;4.233;8;189;-0,2023077;-0,0549226;-0,0076445;Rejected;0,6541000;-0,0082453;-0,0248665
M21;4;18;02/08/19;4.233;6;176;-0,2023077;-0,0549226;-0,0076445;Rejected;0,6541000;-0,0082453;-0,0248665
M21;4;19;02/08/19;4.233;4;111;-0,2023077;-0,0549226;-0,0076445;Rejected;0,6541000;-0,0082453;-0,0248665
M21;4;20;02/08/19;4.233;2;90;-0,2023077;-0,0549226;-0,0076445;Rejected;0,6541000;-0,0082453;-0,0248665
M21;5;21;03/08/19;4.233;1;41;-0,2023077;-0,0549226;-0,0076445;Rejected;0,6541000;-0,0082453;-0,0248665
M21;5;22;03/08/19;4.233;5;101;-0,2023077;-0,0549226;-0,0076445;Rejected;0,6541000;-0,0082453;-0,0248665
M21;5;23;03/08/19;4.233;1;50;-0,2023077;-0,0549226;-0,0076445;Rejected;0,6541000;-0,0082453;-0,0248665
M21;5;24;03/08/19;4.233;2;40;-0,2023077;-0,0549226;-0,0076445;Rejected;0,6541000;-0,0082453;-0,0248665
M21;5;25;03/08/19;4.233;2;34;-0,2023077;-0,0549226;-0,0076445;Rejected;0,6541000;-0,0082453;-0,0248665
M22;1;1;30/07/19;4.044;4;51;-0,0677277;-0,0305933;-0,0221502;Rejected;0,4650000;-0,0329329;-0,0158651
M22;1;2;30/07/19;4.044;4;165;-0,0677277;-0,0305933;-0,0221502;Rejected;0,4650000;-0,0329329;-0,0158651
M22;1;3;30/07/19;4.044;incomplete;incomplete;-0,0677277;-0,0305933;-0,0221502;Rejected;0,4650000;-0,0329329;-0,0158651
M22;1;4;30/07/19;4.044;2;20;-0,0677277;-0,0305933;-0,0221502;Rejected;0,4650000;-0,0329329;-0,0158651
M22;1;5;30/07/19;4.044;incomplete;incomplete;-0,0677277;-0,0305933;-0,0221502;Rejected;0,4650000;-0,0329329;-0,0158651
M22;2;6;31/07/19;4.044;3;46;-0,0677277;-0,0305933;-0,0221502;Rejected;0,4650000;-0,0329329;-0,0158651
M22;2;7;31/07/19;4.044;incomplete;incomplete;-0,0677277;-0,0305933;-0,0221502;Rejected;0,4650000;-0,0329329;-0,0158651
M22;2;8;31/07/19;4.044;1;17;-0,0677277;-0,0305933;-0,0221502;Rejected;0,4650000;-0,0329329;-0,0158651
M22;2;9;31/07/19;4.044;2;66;-0,0677277;-0,0305933;-0,0221502;Rejected;0,4650000;-0,0329329;-0,0158651
M22;2;10;31/07/19;4.044;2;39;-0,0677277;-0,0305933;-0,0221502;Rejected;0,4650000;-0,0329329;-0,0158651
M22;3;11;01/08/19;4.044;2;33;-0,0677277;-0,0305933;-0,0221502;Rejected;0,4650000;-0,0329329;-0,0158651
M22;3;12;01/08/19;4.044;1;24;-0,0677277;-0,0305933;-0,0221502;Rejected;0,4650000;-0,0329329;-0,0158651
M22;3;13;01/08/19;4.044;2;48;-0,0677277;-0,0305933;-0,0221502;Rejected;0,4650000;-0,0329329;-0,0158651
M22;3;14;01/08/19;4.044;2;41;-0,0677277;-0,0305933;-0,0221502;Rejected;0,4650000;-0,0329329;-0,0158651
M22;3;15;01/08/19;4.044;1;20;-0,0677277;-0,0305933;-0,0221502;Rejected;0,4650000;-0,0329329;-0,0158651
M22;4;16;02/08/19;4.044;1;31;-0,0677277;-0,0305933;-0,0221502;Rejected;0,4650000;-0,0329329;-0,0158651
M22;4;17;02/08/19;4.044;1;22;-0,0677277;-0,0305933;-0,0221502;Rejected;0,4650000;-0,0329329;-0,0158651
M22;4;18;02/08/19;4.044;1;32;-0,0677277;-0,0305933;-0,0221502;Rejected;0,4650000;-0,0329329;-0,0158651
M22;4;19;02/08/19;4.044;2;211;-0,0677277;-0,0305933;-0,0221502;Rejected;0,4650000;-0,0329329;-0,0158651
M22;4;20;02/08/19;4.044;2;26;-0,0677277;-0,0305933;-0,0221502;Rejected;0,4650000;-0,0329329;-0,0158651
M22;5;21;03/08/19;4.044;0;31;-0,0677277;-0,0305933;-0,0221502;Rejected;0,4650000;-0,0329329;-0,0158651
M22;5;22;03/08/19;4.044;1;12;-0,0677277;-0,0305933;-0,0221502;Rejected;0,4650000;-0,0329329;-0,0158651
M22;5;23;03/08/19;4.044;3;38;-0,0677277;-0,0305933;-0,0221502;Rejected;0,4650000;-0,0329329;-0,0158651
M22;5;24;03/08/19;4.044;2;25;-0,0677277;-0,0305933;-0,0221502;Rejected;0,4650000;-0,0329329;-0,0158651
M22;5;25;03/08/19;4.044;2;19;-0,0677277;-0,0305933;-0,0221502;Rejected;0,4650000;-0,0329329;-0,0158651
M23;1;1;30/07/19;3.553;11;382;-0,2207692;-0,1001146;0,0621690;Chosen;0,8991000;-0,0012952;0,0614535
M23;1;2;30/07/19;3.553;7;139;-0,2207692;-0,1001146;0,0621690;Chosen;0,8991000;-0,0012952;0,0614535
M23;1;3;30/07/19;3.553;2;68;-0,2207692;-0,1001146;0,0621690;Chosen;0,8991000;-0,0012952;0,0614535
M23;1;4;30/07/19;3.553;4;136;-0,2207692;-0,1001146;0,0621690;Chosen;0,8991000;-0,0012952;0,0614535
M23;1;5;30/07/19;3.553;3;67;-0,2207692;-0,1001146;0,0621690;Chosen;0,8991000;-0,0012952;0,0614535
M23;2;6;31/07/19;3.553;3;36;-0,2207692;-0,1001146;0,0621690;Chosen;0,8991000;-0,0012952;0,0614535
M23;2;7;31/07/19;3.553;4;89;-0,2207692;-0,1001146;0,0621690;Chosen;0,8991000;-0,0012952;0,0614535
M23;2;8;31/07/19;3.553;3;62;-0,2207692;-0,1001146;0,0621690;Chosen;0,8991000;-0,0012952;0,0614535
M23;2;9;31/07/19;3.553;2;38;-0,2207692;-0,1001146;0,0621690;Chosen;0,8991000;-0,0012952;0,0614535
M23;2;10;31/07/19;3.553;2;59;-0,2207692;-0,1001146;0,0621690;Chosen;0,8991000;-0,0012952;0,0614535
M23;3;11;01/08/19;3.553;1;12;-0,2207692;-0,1001146;0,0621690;Chosen;0,8991000;-0,0012952;0,0614535
M23;3;12;01/08/19;3.553;2;32;-0,2207692;-0,1001146;0,0621690;Chosen;0,8991000;-0,0012952;0,0614535
M23;3;13;01/08/19;3.553;3;45;-0,2207692;-0,1001146;0,0621690;Chosen;0,8991000;-0,0012952;0,0614535
M23;3;14;01/08/19;3.553;3;33;-0,2207692;-0,1001146;0,0621690;Chosen;0,8991000;-0,0012952;0,0614535
M23;3;15;01/08/19;3.553;3;68;-0,2207692;-0,1001146;0,0621690;Chosen;0,8991000;-0,0012952;0,0614535
M23;4;16;02/08/19;3.553;1;18;-0,2207692;-0,1001146;0,0621690;Chosen;0,8991000;-0,0012952;0,0614535
M23;4;17;02/08/19;3.553;1;27;-0,2207692;-0,1001146;0,0621690;Chosen;0,8991000;-0,0012952;0,0614535
M23;4;18;02/08/19;3.553;2;46;-0,2207692;-0,1001146;0,0621690;Chosen;0,8991000;-0,0012952;0,0614535
M23;4;19;02/08/19;3.553;1;24;-0,2207692;-0,1001146;0,0621690;Chosen;0,8991000;-0,0012952;0,0614535
M23;4;20;02/08/19;3.553;1;20;-0,2207692;-0,1001146;0,0621690;Chosen;0,8991000;-0,0012952;0,0614535
M23;5;21;03/08/19;3.553;0;19;-0,2207692;-0,1001146;0,0621690;Chosen;0,8991000;-0,0012952;0,0614535
M23;5;22;03/08/19;3.553;1;11;-0,2207692;-0,1001146;0,0621690;Chosen;0,8991000;-0,0012952;0,0614535
M23;5;23;03/08/19;3.553;2;16;-0,2207692;-0,1001146;0,0621690;Chosen;0,8991000;-0,0012952;0,0614535
M23;5;24;03/08/19;3.553;0;8;-0,2207692;-0,1001146;0,0621690;Chosen;0,8991000;-0,0012952;0,0614535
M23;5;25;03/08/19;3.553;1;18;-0,2207692;-0,1001146;0,0621690;Chosen;0,8991000;-0,0012952;0,0614535
M24;1;1;30/07/19;3,440;6;128;-0,2038032;-0,0961007;0,1769206;Chosen;0,8021000;0,0098475;0,0466750
M24;1;2;30/07/19;3,440;5;475;-0,2038032;-0,0961007;0,1769206;Chosen;0,8021000;0,0098475;0,0466750
M24;1;3;30/07/19;3,440;5;122;-0,2038032;-0,0961007;0,1769206;Chosen;0,8021000;0,0098475;0,0466750
M24;1;4;30/07/19;3,440;5;55;-0,2038032;-0,0961007;0,1769206;Chosen;0,8021000;0,0098475;0,0466750
M24;1;5;30/07/19;3,440;4;203;-0,2038032;-0,0961007;0,1769206;Chosen;0,8021000;0,0098475;0,0466750
M24;2;6;31/07/19;3,440;incomplete;incomplete;-0,2038032;-0,0961007;0,1769206;Chosen;0,8021000;0,0098475;0,0466750
M24;2;7;31/07/19;3,440;5;76;-0,2038032;-0,0961007;0,1769206;Chosen;0,8021000;0,0098475;0,0466750
M24;2;8;31/07/19;3,440;4;113;-0,2038032;-0,0961007;0,1769206;Chosen;0,8021000;0,0098475;0,0466750
M24;2;9;31/07/19;3,440;4;23;-0,2038032;-0,0961007;0,1769206;Chosen;0,8021000;0,0098475;0,0466750
M24;2;10;31/07/19;3,440;5;55;-0,2038032;-0,0961007;0,1769206;Chosen;0,8021000;0,0098475;0,0466750
M24;3;11;01/08/19;3,440;2;63;-0,2038032;-0,0961007;0,1769206;Chosen;0,8021000;0,0098475;0,0466750
M24;3;12;01/08/19;3,440;2;19;-0,2038032;-0,0961007;0,1769206;Chosen;0,8021000;0,0098475;0,0466750
M24;3;13;01/08/19;3,440;2;53;-0,2038032;-0,0961007;0,1769206;Chosen;0,8021000;0,0098475;0,0466750
M24;3;14;01/08/19;3,440;2;40;-0,2038032;-0,0961007;0,1769206;Chosen;0,8021000;0,0098475;0,0466750
M24;3;15;01/08/19;3,440;1;19;-0,2038032;-0,0961007;0,1769206;Chosen;0,8021000;0,0098475;0,0466750
M24;4;16;02/08/19;3,440;2;39;-0,2038032;-0,0961007;0,1769206;Chosen;0,8021000;0,0098475;0,0466750
M24;4;17;02/08/19;3,440;2;17;-0,2038032;-0,0961007;0,1769206;Chosen;0,8021000;0,0098475;0,0466750
M24;4;18;02/08/19;3,440;2;34;-0,2038032;-0,0961007;0,1769206;Chosen;0,8021000;0,0098475;0,0466750
M24;4;19;02/08/19;3,440;2;27;-0,2038032;-0,0961007;0,1769206;Chosen;0,8021000;0,0098475;0,0466750
M24;4;20;02/08/19;3,440;1;22;-0,2038032;-0,0961007;0,1769206;Chosen;0,8021000;0,0098475;0,0466750
M24;5;21;03/08/19;3,440;2;27;-0,2038032;-0,0961007;0,1769206;Chosen;0,8021000;0,0098475;0,0466750
M24;5;22;03/08/19;3,440;0;36;-0,2038032;-0,0961007;0,1769206;Chosen;0,8021000;0,0098475;0,0466750
M24;5;23;03/08/19;3,440;2;31;-0,2038032;-0,0961007;0,1769206;Chosen;0,8021000;0,0098475;0,0466750
M24;5;24;03/08/19;3,440;1;10;-0,2038032;-0,0961007;0,1769206;Chosen;0,8021000;0,0098475;0,0466750
M24;5;25;03/08/19;3,440;1;19;-0,2038032;-0,0961007;0,1769206;Chosen;0,8021000;0,0098475;0,0466750
M25;1;1;06/08/19;3885,000;12;501;-0,2191304;-0,0631082;0,1370236;Chosen;0,9342000;0,0102475;-0,0276413
M25;1;2;06/08/19;3885,000;9;818;-0,2191304;-0,0631082;0,1370236;Chosen;0,9342000;0,0102475;-0,0276413
M25;1;3;06/08/19;3885,000;3;36;-0,2191304;-0,0631082;0,1370236;Chosen;0,9342000;0,0102475;-0,0276413
M25;1;4;06/08/19;3885,000;3;378;-0,2191304;-0,0631082;0,1370236;Chosen;0,9342000;0,0102475;-0,0276413
M25;1;5;06/08/19;3885,000;7;66;-0,2191304;-0,0631082;0,1370236;Chosen;0,9342000;0,0102475;-0,0276413
M25;2;6;07/08/19;3885,000;2;57;-0,2191304;-0,0631082;0,1370236;Chosen;0,9342000;0,0102475;-0,0276413
M25;2;7;07/08/19;3885,000;4;69;-0,2191304;-0,0631082;0,1370236;Chosen;0,9342000;0,0102475;-0,0276413
M25;2;8;07/08/19;3885,000;2;34;-0,2191304;-0,0631082;0,1370236;Chosen;0,9342000;0,0102475;-0,0276413
M25;2;9;07/08/19;3885,000;1;21;-0,2191304;-0,0631082;0,1370236;Chosen;0,9342000;0,0102475;-0,0276413
M25;2;10;07/08/19;3885,000;6;92;-0,2191304;-0,0631082;0,1370236;Chosen;0,9342000;0,0102475;-0,0276413
M25;3;11;08/08/19;3885,000;7;206;-0,2191304;-0,0631082;0,1370236;Chosen;0,9342000;0,0102475;-0,0276413
M25;3;12;08/08/19;3885,000;3;152;-0,2191304;-0,0631082;0,1370236;Chosen;0,9342000;0,0102475;-0,0276413
M25;3;13;08/08/19;3885,000;5;156;-0,2191304;-0,0631082;0,1370236;Chosen;0,9342000;0,0102475;-0,0276413
M25;3;14;08/08/19;3885,000;2;53;-0,2191304;-0,0631082;0,1370236;Chosen;0,9342000;0,0102475;-0,0276413
M25;3;15;08/08/19;3885,000;4;55;-0,2191304;-0,0631082;0,1370236;Chosen;0,9342000;0,0102475;-0,0276413
M25;4;16;09/08/19;3885,000;4;43;-0,2191304;-0,0631082;0,1370236;Chosen;0,9342000;0,0102475;-0,0276413
M25;4;17;09/08/19;3885,000;4;60;-0,2191304;-0,0631082;0,1370236;Chosen;0,9342000;0,0102475;-0,0276413
M25;4;18;09/08/19;3885,000;3;94;-0,2191304;-0,0631082;0,1370236;Chosen;0,9342000;0,0102475;-0,0276413
M25;4;19;09/08/19;3885,000;4;67;-0,2191304;-0,0631082;0,1370236;Chosen;0,9342000;0,0102475;-0,0276413
M25;4;20;09/08/19;3885,000;1;40;-0,2191304;-0,0631082;0,1370236;Chosen;0,9342000;0,0102475;-0,0276413
M25;5;21;10/08/19;3885,000;0;27;-0,2191304;-0,0631082;0,1370236;Chosen;0,9342000;0,0102475;-0,0276413
M25;5;22;10/08/19;3885,000;2;93;-0,2191304;-0,0631082;0,1370236;Chosen;0,9342000;0,0102475;-0,0276413
M25;5;23;10/08/19;3885,000;1;30;-0,2191304;-0,0631082;0,1370236;Chosen;0,9342000;0,0102475;-0,0276413
M25;5;24;10/08/19;3885,000;3;56;-0,2191304;-0,0631082;0,1370236;Chosen;0,9342000;0,0102475;-0,0276413
M25;5;25;10/08/19;3885,000;incomplete;incomplete;-0,2191304;-0,0631082;0,1370236;Chosen;0,9342000;0,0102475;-0,0276413
M26;1;1;06/08/19;3854,000;12;694;-0,0624854;-0,0244306;-0,1675478;Rejected;0,5658000;0,0514982;-0,0324360
M26;1;2;06/08/19;3854,000;7;218;-0,0624854;-0,0244306;-0,1675478;Rejected;0,5658000;0,0514982;-0,0324360
M26;1;3;06/08/19;3854,000;2;49;-0,0624854;-0,0244306;-0,1675478;Rejected;0,5658000;0,0514982;-0,0324360
M26;1;4;06/08/19;3854,000;2;63;-0,0624854;-0,0244306;-0,1675478;Rejected;0,5658000;0,0514982;-0,0324360
M26;1;5;06/08/19;3854,000;3;54;-0,0624854;-0,0244306;-0,1675478;Rejected;0,5658000;0,0514982;-0,0324360
M26;2;6;07/08/19;3854,000;7;370;-0,0624854;-0,0244306;-0,1675478;Rejected;0,5658000;0,0514982;-0,0324360
M26;2;7;07/08/19;3854,000;6;140;-0,0624854;-0,0244306;-0,1675478;Rejected;0,5658000;0,0514982;-0,0324360
M26;2;8;07/08/19;3854,000;4;161;-0,0624854;-0,0244306;-0,1675478;Rejected;0,5658000;0,0514982;-0,0324360
M26;2;9;07/08/19;3854,000;4;109;-0,0624854;-0,0244306;-0,1675478;Rejected;0,5658000;0,0514982;-0,0324360
M26;2;10;07/08/19;3854,000;3;417;-0,0624854;-0,0244306;-0,1675478;Rejected;0,5658000;0,0514982;-0,0324360
M26;3;11;08/08/19;3854,000;3;133;-0,0624854;-0,0244306;-0,1675478;Rejected;0,5658000;0,0514982;-0,0324360
M26;3;12;08/08/19;3854,000;3;78;-0,0624854;-0,0244306;-0,1675478;Rejected;0,5658000;0,0514982;-0,0324360
M26;3;13;08/08/19;3854,000;7;453;-0,0624854;-0,0244306;-0,1675478;Rejected;0,5658000;0,0514982;-0,0324360
M26;3;14;08/08/19;3854,000;8;972;-0,0624854;-0,0244306;-0,1675478;Rejected;0,5658000;0,0514982;-0,0324360
M26;3;15;08/08/19;3854,000;5;230;-0,0624854;-0,0244306;-0,1675478;Rejected;0,5658000;0,0514982;-0,0324360
M26;4;16;09/08/19;3854,000;9;496;-0,0624854;-0,0244306;-0,1675478;Rejected;0,5658000;0,0514982;-0,0324360
M26;4;17;09/08/19;3854,000;1;37;-0,0624854;-0,0244306;-0,1675478;Rejected;0,5658000;0,0514982;-0,0324360
M26;4;18;09/08/19;3854,000;1;57;-0,0624854;-0,0244306;-0,1675478;Rejected;0,5658000;0,0514982;-0,0324360
M26;4;19;09/08/19;3854,000;3;93;-0,0624854;-0,0244306;-0,1675478;Rejected;0,5658000;0,0514982;-0,0324360
M26;4;20;09/08/19;3854,000;incomplete;incomplete;-0,0624854;-0,0244306;-0,1675478;Rejected;0,5658000;0,0514982;-0,0324360
M26;5;21;10/08/19;3854,000;3;65;-0,0624854;-0,0244306;-0,1675478;Rejected;0,5658000;0,0514982;-0,0324360
M26;5;22;10/08/19;3854,000;1;51;-0,0624854;-0,0244306;-0,1675478;Rejected;0,5658000;0,0514982;-0,0324360
M26;5;23;10/08/19;3854,000;9;239;-0,0624854;-0,0244306;-0,1675478;Rejected;0,5658000;0,0514982;-0,0324360
M26;5;24;10/08/19;3854,000;4;96;-0,0624854;-0,0244306;-0,1675478;Rejected;0,5658000;0,0514982;-0,0324360
M26;5;25;10/08/19;3854,000;6;106;-0,0624854;-0,0244306;-0,1675478;Rejected;0,5658000;0,0514982;-0,0324360
M27;1;1;06/08/19;3729,000;8;202;-0,0901154;-0,0446793;-0,1036474;Rejected;0,4429000;0,0308764;0,0342402
M27;1;2;06/08/19;3729,000;incomplete;incomplete;-0,0901154;-0,0446793;-0,1036474;Rejected;0,4429000;0,0308764;0,0342402
M27;1;3;06/08/19;3729,000;2;33;-0,0901154;-0,0446793;-0,1036474;Rejected;0,4429000;0,0308764;0,0342402
M27;1;4;06/08/19;3729,000;3;236;-0,0901154;-0,0446793;-0,1036474;Rejected;0,4429000;0,0308764;0,0342402
M27;1;5;06/08/19;3729,000;1;60;-0,0901154;-0,0446793;-0,1036474;Rejected;0,4429000;0,0308764;0,0342402
M27;2;6;07/08/19;3729,000;3;34;-0,0901154;-0,0446793;-0,1036474;Rejected;0,4429000;0,0308764;0,0342402
M27;2;7;07/08/19;3729,000;5;81;-0,0901154;-0,0446793;-0,1036474;Rejected;0,4429000;0,0308764;0,0342402
M27;2;8;07/08/19;3729,000;3;129;-0,0901154;-0,0446793;-0,1036474;Rejected;0,4429000;0,0308764;0,0342402
M27;2;9;07/08/19;3729,000;3;98;-0,0901154;-0,0446793;-0,1036474;Rejected;0,4429000;0,0308764;0,0342402
M27;2;10;07/08/19;3729,000;3;71;-0,0901154;-0,0446793;-0,1036474;Rejected;0,4429000;0,0308764;0,0342402
M27;3;11;08/08/19;3729,000;4;53;-0,0901154;-0,0446793;-0,1036474;Rejected;0,4429000;0,0308764;0,0342402
M27;3;12;08/08/19;3729,000;3;45;-0,0901154;-0,0446793;-0,1036474;Rejected;0,4429000;0,0308764;0,0342402
M27;3;13;08/08/19;3729,000;2;40;-0,0901154;-0,0446793;-0,1036474;Rejected;0,4429000;0,0308764;0,0342402
M27;3;14;08/08/19;3729,000;2;62;-0,0901154;-0,0446793;-0,1036474;Rejected;0,4429000;0,0308764;0,0342402
M27;3;15;08/08/19;3729,000;1;302;-0,0901154;-0,0446793;-0,1036474;Rejected;0,4429000;0,0308764;0,0342402
M27;4;16;09/08/19;3729,000;4;65;-0,0901154;-0,0446793;-0,1036474;Rejected;0,4429000;0,0308764;0,0342402
M27;4;17;09/08/19;3729,000;0;12;-0,0901154;-0,0446793;-0,1036474;Rejected;0,4429000;0,0308764;0,0342402
M27;4;18;09/08/19;3729,000;3;52;-0,0901154;-0,0446793;-0,1036474;Rejected;0,4429000;0,0308764;0,0342402
M27;4;19;09/08/19;3729,000;1;22;-0,0901154;-0,0446793;-0,1036474;Rejected;0,4429000;0,0308764;0,0342402
M27;4;20;09/08/19;3729,000;3;60;-0,0901154;-0,0446793;-0,1036474;Rejected;0,4429000;0,0308764;0,0342402
M27;5;21;10/08/19;3729,000;2;54;-0,0901154;-0,0446793;-0,1036474;Rejected;0,4429000;0,0308764;0,0342402
M27;5;22;10/08/19;3729,000;1;22;-0,0901154;-0,0446793;-0,1036474;Rejected;0,4429000;0,0308764;0,0342402
M27;5;23;10/08/19;3729,000;2;35;-0,0901154;-0,0446793;-0,1036474;Rejected;0,4429000;0,0308764;0,0342402
M27;5;24;10/08/19;3729,000;2;53;-0,0901154;-0,0446793;-0,1036474;Rejected;0,4429000;0,0308764;0,0342402
M27;5;25;10/08/19;3729,000;4;51;-0,0901154;-0,0446793;-0,1036474;Rejected;0,4429000;0,0308764;0,0342402
M28;1;1;06/08/19;3969,000;10;271;-0,2085998;-0,1008880;0,1691907;Chosen;0,8167000;0,0435796;-0,0129544
M28;1;2;06/08/19;3969,000;5;375;-0,2085998;-0,1008880;0,1691907;Chosen;0,8167000;0,0435796;-0,0129544
M28;1;3;06/08/19;3969,000;3;146;-0,2085998;-0,1008880;0,1691907;Chosen;0,8167000;0,0435796;-0,0129544
M28;1;4;06/08/19;3969,000;4;176;-0,2085998;-0,1008880;0,1691907;Chosen;0,8167000;0,0435796;-0,0129544
M28;1;5;06/08/19;3969,000;4;241;-0,2085998;-0,1008880;0,1691907;Chosen;0,8167000;0,0435796;-0,0129544
M28;2;6;07/08/19;3969,000;7;156;-0,2085998;-0,1008880;0,1691907;Chosen;0,8167000;0,0435796;-0,0129544
M28;2;7;07/08/19;3969,000;2;55;-0,2085998;-0,1008880;0,1691907;Chosen;0,8167000;0,0435796;-0,0129544
M28;2;8;07/08/19;3969,000;1;53;-0,2085998;-0,1008880;0,1691907;Chosen;0,8167000;0,0435796;-0,0129544
M28;2;9;07/08/19;3969,000;4;104;-0,2085998;-0,1008880;0,1691907;Chosen;0,8167000;0,0435796;-0,0129544
M28;2;10;07/08/19;3969,000;3;101;-0,2085998;-0,1008880;0,1691907;Chosen;0,8167000;0,0435796;-0,0129544
M28;3;11;08/08/19;3969,000;3;115;-0,2085998;-0,1008880;0,1691907;Chosen;0,8167000;0,0435796;-0,0129544
M28;3;12;08/08/19;3969,000;2;69;-0,2085998;-0,1008880;0,1691907;Chosen;0,8167000;0,0435796;-0,0129544
M28;3;13;08/08/19;3969,000;1;51;-0,2085998;-0,1008880;0,1691907;Chosen;0,8167000;0,0435796;-0,0129544
M28;3;14;08/08/19;3969,000;1;48;-0,2085998;-0,1008880;0,1691907;Chosen;0,8167000;0,0435796;-0,0129544
M28;3;15;08/08/19;3969,000;2;60;-0,2085998;-0,1008880;0,1691907;Chosen;0,8167000;0,0435796;-0,0129544
M28;4;16;09/08/19;3969,000;incomplete;incomplete;-0,2085998;-0,1008880;0,1691907;Chosen;0,8167000;0,0435796;-0,0129544
M28;4;17;09/08/19;3969,000;incomplete;incomplete;-0,2085998;-0,1008880;0,1691907;Chosen;0,8167000;0,0435796;-0,0129544
M28;4;18;09/08/19;3969,000;incomplete;incomplete;-0,2085998;-0,1008880;0,1691907;Chosen;0,8167000;0,0435796;-0,0129544
M28;4;19;09/08/19;3969,000;incomplete;incomplete;-0,2085998;-0,1008880;0,1691907;Chosen;0,8167000;0,0435796;-0,0129544
M28;4;20;09/08/19;3969,000;incomplete;incomplete;-0,2085998;-0,1008880;0,1691907;Chosen;0,8167000;0,0435796;-0,0129544
M28;5;21;10/08/19;3969,000;2;62;-0,2085998;-0,1008880;0,1691907;Chosen;0,8167000;0,0435796;-0,0129544
M28;5;22;10/08/19;3969,000;0;18;-0,2085998;-0,1008880;0,1691907;Chosen;0,8167000;0,0435796;-0,0129544
M28;5;23;10/08/19;3969,000;2;28;-0,2085998;-0,1008880;0,1691907;Chosen;0,8167000;0,0435796;-0,0129544
M28;5;24;10/08/19;3969,000;2;41;-0,2085998;-0,1008880;0,1691907;Chosen;0,8167000;0,0435796;-0,0129544
M28;5;25;10/08/19;3969,000;0;12;-0,2085998;-0,1008880;0,1691907;Chosen;0,8167000;0,0435796;-0,0129544
